"","genesysId","instCode","acceNumb","genus","BasalTillerNumber","FirstFloretDay","InflorescenceExertLen","PanicleLen","PlantHgt"
"1",8327,"USA016","PI 585334","Sorghum",0,58,15,28,163
"2",8328,"USA016","PI 585367","Sorghum",0,67,18,26,138
"3",8329,"USA016","PI 585402","Sorghum",0,56,20,40,240
"4",8331,"USA016","PI 585538","Sorghum",0,81,30,24,326
"5",8332,"USA016","PI 585547","Sorghum",0,74,10,30,270
"6",8333,"USA016","PI 585596","Sorghum",0,63,0,33,260
"7",8334,"USA016","PI 585620","Sorghum",0,61,8,15,212
"8",8335,"USA016","PI 585660","Sorghum",1,58,31,39,150
"9",8336,"USA016","PI 585744","Sorghum",0,58,24,43,200
"10",8338,"USA016","PI 585809","Sorghum",0,51,30,36,210
"11",8339,"USA016","PI 585819","Sorghum",0,62,19,30,255
"12",8340,"USA016","PI 585827","Sorghum",2,53,24,36,172
"13",8341,"USA016","PI 585996","Sorghum",0,64,6,33,240
"14",8342,"USA016","PI 585998","Sorghum",1,64,20,37,220
"15",8343,"USA016","PI 586018","Sorghum",1,62,10,38,294
"16",8344,"USA016","PI 586026","Sorghum",0,69,0,32,235
"17",8345,"USA016","PI 586040","Sorghum",0,73,12,15,233
"18",8347,"USA016","PI 586056","Sorghum",0,55,9,24,127
"19",8348,"USA016","PI 586087","Sorghum",0,55,12,24,110
"20",8349,"USA016","PI 586101","Sorghum",0,55,0,35,85
"21",8350,"USA016","PI 586126","Sorghum",1,51,33,32,190
"22",8351,"USA016","PI 586163","Sorghum",0,55,17,23,200
"23",8352,"USA016","PI 586187","Sorghum",0,55,20,33,220
"24",8353,"USA016","PI 586216","Sorghum",1,43,29,35,166
"25",8354,"USA016","PI 586354","Sorghum",1,49,27,29,228
"26",8355,"USA016","PI 586400","Sorghum",0,49,8,22,192
"27",8356,"USA016","PI 586433","Sorghum",1,50,15,18,145
"28",8357,"USA016","PI 586528","Sorghum",0,56,5,22,163
"29",24169,"USA016","PI 585315","Sorghum",1,42,22,27,178
"30",24170,"USA016","PI 585332","Sorghum",0,53,8,33,92
"31",24172,"USA016","PI 585363","Sorghum",0,49,19,28,63
"32",24174,"USA016","PI 585424","Sorghum",0,63,7,36,245
"33",24175,"USA016","PI 585535","Sorghum",0,74,0,45,295
"34",24176,"USA016","PI 585551","Sorghum",0,73,8,38,294
"35",24177,"USA016","PI 585577","Sorghum",0,72,16,41,348
"36",24178,"USA016","PI 585607","Sorghum",0,67,0,29,285
"37",24179,"USA016","PI 585643","Sorghum",0,49,25,40,195
"38",24180,"USA016","PI 585659","Sorghum",1,53,16,30,204
"39",24181,"USA016","PI 585663","Sorghum",0,49,28,28,192
"40",24182,"USA016","PI 585689","Sorghum",0,61,31,43,266
"41",24183,"USA016","PI 585760","Sorghum",0,61,16,48,270
"42",24185,"USA016","PI 585783","Sorghum",2,56,36,44,200
"43",24186,"USA016","PI 585889","Sorghum",1,62,29,25,166
"44",24187,"USA016","PI 585902","Sorghum",1,56,23,44,210
"45",24188,"USA016","PI 585909","Sorghum",0,56,34,36,240
"46",24189,"USA016","PI 585939","Sorghum",1,87,14,42,316
"47",24190,"USA016","PI 585957","Sorghum",1,83,30,40,290
"48",24191,"USA016","PI 585990","Sorghum",2,62,13,47,250
"49",24192,"USA016","PI 586027","Sorghum",0,77,5,23,240
"50",24193,"USA016","PI 586060","Sorghum",0,66,11,28,201
"51",24196,"USA016","PI 586131","Sorghum",1,47,37,41,210
"52",24198,"USA016","PI 586236","Sorghum",2,49,26,37,194
"53",24200,"USA016","PI 586262","Sorghum",0,56,29,29,196
"54",24201,"USA016","PI 586289","Sorghum",0,56,21,41,263
"55",24202,"USA016","PI 586347","Sorghum",0,50,23,31,210
"56",24203,"USA016","PI 586378","Sorghum",1,49,14,14,156
"57",24204,"USA016","PI 586399","Sorghum",1,49,9,26,226
"58",24205,"USA016","PI 586458","Sorghum",0,56,25,25,68
"59",24206,"USA016","PI 586508","Sorghum",0,56,9,26,175
"60",40251,"USA016","PI 585417","Sorghum",1,63,9,43,280
"61",40252,"USA016","PI 585453","Sorghum",0,56,16,23,254
"62",40253,"USA016","PI 585455","Sorghum",0,72,0,30,280
"63",40254,"USA016","PI 585464","Sorghum",1,65,6,35,237
"64",40255,"USA016","PI 585473","Sorghum",0,61,12,33,250
"65",40256,"USA016","PI 585515","Sorghum",0,70,10,28,262
"66",40259,"USA016","PI 585579","Sorghum",0,85,0,26,284
"67",40260,"USA016","PI 585605","Sorghum",0,72,0,25,325
"68",40261,"USA016","PI 585675","Sorghum",2,42,22,38,170
"69",40262,"USA016","PI 585684","Sorghum",0,65,27,38,175
"70",40264,"USA016","PI 585697","Sorghum",2,63,26,38,204
"71",40265,"USA016","PI 585738","Sorghum",2,51,17,26,157
"72",40266,"USA016","PI 585758","Sorghum",0,61,24,43,186
"73",40267,"USA016","PI 585821","Sorghum",0,49,28,35,182
"74",40269,"USA016","PI 585919","Sorghum",1,62,6,40,254
"75",40270,"USA016","PI 585956","Sorghum",1,71,25,40,325
"76",40271,"USA016","PI 585966","Sorghum",1,79,5,40,395
"77",40272,"USA016","PI 586031","Sorghum",0,69,4,22,250
"78",40273,"USA016","PI 586081","Sorghum",0,49,12,25,120
"79",40274,"USA016","PI 586137","Sorghum",1,49,19,35,175
"80",40276,"USA016","PI 586155","Sorghum",1,52,16,25,194
"81",40278,"USA016","PI 586208","Sorghum",0,43,32,26,160
"82",40279,"USA016","PI 586214","Sorghum",0,47,29,37,191
"83",40280,"USA016","PI 586223","Sorghum",0,47,27,20,173
"84",40281,"USA016","PI 586238","Sorghum",2,55,34,18,200
"85",40283,"USA016","PI 586298","Sorghum",0,62,14,27,196
"86",40284,"USA016","PI 586299","Sorghum",0,47,30,40,180
"87",40285,"USA016","PI 586376","Sorghum",0,64,32,38,280
"88",40286,"USA016","PI 586428","Sorghum",6,73,14,33,200
"89",40287,"USA016","PI 586494","Sorghum",0,56,16,35,204
"90",40288,"USA016","PI 586504","Sorghum",0,64,12,20,130
"91",40289,"USA016","PI 586534","Sorghum",0,43,10,17,146
"92",56007,"USA016","PI 585328","Sorghum",2,50,17,28,215
"93",56008,"USA016","PI 585343","Sorghum",0,50,6,21,96
"94",56009,"USA016","PI 585368","Sorghum",0,50,0,37,95
"95",56010,"USA016","PI 585375","Sorghum",0,60,6,30,90
"96",56011,"USA016","PI 585379","Sorghum",0,51,20,22,100
"97",56012,"USA016","PI 585401","Sorghum",0,60,5,27,240
"98",56014,"USA016","PI 585432","Sorghum",0,60,10,27,233
"99",56015,"USA016","PI 585447","Sorghum",0,85,0,26,246
"100",56016,"USA016","PI 585457","Sorghum",0,49,19,30,216
"101",56017,"USA016","PI 585482","Sorghum",2,36,30,40,250
"102",56019,"USA016","PI 585533","Sorghum",0,77,30,40,294
"103",56020,"USA016","PI 585557","Sorghum",0,67,13,24,290
"104",56021,"USA016","PI 585598","Sorghum",0,61,0,30,240
"105",56022,"USA016","PI 585632","Sorghum",1,56,28,36,168
"106",56024,"USA016","PI 585719","Sorghum",0,49,30,40,160
"107",56025,"USA016","PI 585727","Sorghum",2,56,23,29,170
"108",56026,"USA016","PI 585791","Sorghum",0,67,20,52,240
"109",56027,"USA016","PI 585816","Sorghum",0,53,36,46,220
"110",56028,"USA016","PI 585840","Sorghum",0,51,19,41,210
"111",56029,"USA016","PI 585863","Sorghum",0,53,33,27,124
"112",56030,"USA016","PI 585897","Sorghum",1,62,13,27,220
"113",56031,"USA016","PI 585942","Sorghum",0,77,20,35,270
"114",56032,"USA016","PI 585971","Sorghum",1,55,2,36,228
"115",56034,"USA016","PI 586062","Sorghum",0,55,15,30,195
"116",56035,"USA016","PI 586083","Sorghum",0,55,15,28,53
"117",56036,"USA016","PI 586143","Sorghum",2,55,24,36,220
"118",56037,"USA016","PI 586169","Sorghum",1,52,25,21,170
"119",56038,"USA016","PI 586231","Sorghum",0,55,23,37,150
"120",56039,"USA016","PI 586248","Sorghum",0,64,15,22,157
"121",56041,"USA016","PI 586254","Sorghum",1,43,28,27,170
"122",56042,"USA016","PI 586313","Sorghum",0,47,27,38,170
"123",56043,"USA016","PI 586343","Sorghum",1,47,24,24,224
"124",56044,"USA016","PI 586395","Sorghum",0,49,8,12,132
"125",56046,"USA016","PI 586453","Sorghum",0,45,9,22,100
"126",56047,"USA016","PI 586529","Sorghum",1,49,12,30,175
"127",72069,"USA016","PI 585311","Sorghum",2,42,4,30,164
"128",72070,"USA016","PI 585385","Sorghum",0,56,16,38,178
"129",72071,"USA016","PI 585388","Sorghum",0,53,0,43,224
"130",72072,"USA016","PI 585443","Sorghum",0,77,0,32,270
"131",72073,"USA016","PI 585483","Sorghum",0,70,16,42,242
"132",72074,"USA016","PI 585503","Sorghum",1,60,12,24,214
"133",72075,"USA016","PI 585506","Sorghum",0,77,14,35,276
"134",72076,"USA016","PI 585528","Sorghum",0,58,0,47,185
"135",72078,"USA016","PI 585561","Sorghum",1,74,15,44,330
"136",72079,"USA016","PI 585581","Sorghum",1,79,13,29,255
"137",72080,"USA016","PI 585611","Sorghum",0,63,20,33,200
"138",72081,"USA016","PI 585622","Sorghum",1,58,16,19,150
"139",72082,"USA016","PI 585631","Sorghum",0,63,24,41,240
"140",72083,"USA016","PI 585654","Sorghum",1,61,24,36,190
"141",72084,"USA016","PI 585657","Sorghum",2,58,18,47,237
"142",72085,"USA016","PI 585688","Sorghum",1,56,17,33,168
"143",72089,"USA016","PI 585764","Sorghum",0,63,20,34,180
"144",72090,"USA016","PI 585774","Sorghum",1,58,30,45,155
"145",72091,"USA016","PI 585784","Sorghum",0,65,15,52,265
"146",72092,"USA016","PI 585853","Sorghum",0,51,0,19,196
"147",72094,"USA016","PI 585877","Sorghum",0,62,28,38,210
"148",72095,"USA016","PI 585879","Sorghum",0,70,29,48,173
"149",72096,"USA016","PI 585955","Sorghum",0,79,6,40,374
"150",72097,"USA016","PI 585970","Sorghum",0,56,12,33,230
"151",72101,"USA016","PI 586071","Sorghum",0,55,12,25,160
"152",72102,"USA016","PI 586090","Sorghum",0,59,0,33,93
"153",72103,"USA016","PI 586146","Sorghum",0,51,26,38,216
"154",72104,"USA016","PI 586162","Sorghum",1,52,23,37,237
"155",72105,"USA016","PI 586180","Sorghum",1,52,30,14,166
"156",72106,"USA016","PI 586209","Sorghum",1,64,22,26,240
"157",72110,"USA016","PI 586330","Sorghum",0,59,14,26,182
"158",72111,"USA016","PI 586373","Sorghum",0,62,13,27,285
"159",72112,"USA016","PI 586443","Sorghum",0,45,12,18,138
"160",72113,"USA016","PI 586485","Sorghum",0,62,0,17,220
"161",72114,"USA016","PI 586495","Sorghum",0,56,22,28,210
"162",72115,"USA016","PI 586514","Sorghum",0,62,18,28,126
"163",88115,"USA016","PI 585300","Sorghum",2,46,23,16,147
"164",88116,"USA016","PI 585339","Sorghum",0,50,8,23,156
"165",88117,"USA016","PI 585434","Sorghum",0,70,3,44,237
"166",88118,"USA016","PI 585440","Sorghum",0,63,5,27,240
"167",88119,"USA016","PI 585479","Sorghum",0,44,17,36,195
"168",88120,"USA016","PI 585492","Sorghum",0,87,0,42,186
"169",88121,"USA016","PI 585546","Sorghum",0,74,20,40,310
"170",88122,"USA016","PI 585548","Sorghum",0,70,4,40,256
"171",88124,"USA016","PI 585559","Sorghum",0,67,11,31,186
"172",88125,"USA016","PI 585608","Sorghum",0,70,0,30,300
"173",88126,"USA016","PI 585619","Sorghum",0,67,0,36,250
"174",88127,"USA016","PI 585630","Sorghum",2,53,26,34,190
"175",88128,"USA016","PI 585648","Sorghum",2,58,26,34,200
"176",88129,"USA016","PI 585653","Sorghum",0,61,40,38,236
"177",88131,"USA016","PI 585800","Sorghum",0,58,27,49,234
"178",88132,"USA016","PI 585804","Sorghum",0,58,42,44,260
"179",88134,"USA016","PI 585886","Sorghum",0,51,20,25,200
"180",88135,"USA016","PI 585917","Sorghum",0,62,14,41,220
"181",88136,"USA016","PI 586001","Sorghum",0,64,10,37,243
"182",88137,"USA016","PI 586055","Sorghum",0,62,6,28,130
"183",88138,"USA016","PI 586084","Sorghum",0,55,0,26,145
"184",88139,"USA016","PI 586085","Sorghum",1,49,22,27,141
"185",88140,"USA016","PI 586119","Sorghum",1,64,10,38,200
"186",88141,"USA016","PI 586182","Sorghum",0,62,8,37,290
"187",88142,"USA016","PI 586188","Sorghum",2,62,3,29,194
"188",88143,"USA016","PI 586190","Sorghum",0,66,35,37,248
"189",88144,"USA016","PI 586196","Sorghum",1,59,16,30,299
"190",88145,"USA016","PI 586220","Sorghum",1,59,26,36,220
"191",88146,"USA016","PI 586226","Sorghum",1,49,26,34,180
"192",88147,"USA016","PI 586267","Sorghum",0,56,30,38,230
"193",88148,"USA016","PI 586293","Sorghum",1,56,29,29,240
"194",88149,"USA016","PI 586301","Sorghum",1,59,16,37,194
"195",88150,"USA016","PI 586369","Sorghum",1,51,30,45,130
"196",88151,"USA016","PI 586388","Sorghum",1,49,11,16,164
"197",88152,"USA016","PI 586390","Sorghum",2,49,5,12,138
"198",88153,"USA016","PI 586394","Sorghum",1,56,7,8,145
"199",88154,"USA016","PI 586469","Sorghum",0,57,12,27,154
"200",88155,"USA016","PI 586470","Sorghum",0,52,11,31,154
"201",88156,"USA016","PI 586477","Sorghum",1,49,25,32,180
"202",88157,"USA016","PI 586484","Sorghum",1,49,21,39,166
"203",88158,"USA016","PI 586526","Sorghum",0,43,13,25,147
"204",104113,"USA016","PI 585297","Sorghum",0,58,13,23,160
"205",104114,"USA016","PI 585306","Sorghum",1,46,23,25,147
"206",104115,"USA016","PI 585318","Sorghum",1,44,24,24,156
"207",104116,"USA016","PI 585403","Sorghum",1,70,13,37,280
"208",104117,"USA016","PI 585406","Sorghum",0,58,12,26,300
"209",104118,"USA016","PI 585486","Sorghum",0,70,0,39,256
"210",104119,"USA016","PI 585496","Sorghum",0,60,15,35,220
"211",104120,"USA016","PI 585527","Sorghum",0,74,13,32,335
"212",104121,"USA016","PI 585544","Sorghum",0,67,15,36,225
"213",104122,"USA016","PI 585549","Sorghum",0,70,10,39,336
"214",104123,"USA016","PI 585582","Sorghum",1,77,6,19,266
"215",104124,"USA016","PI 585587","Sorghum",0,77,10,22,325
"216",104125,"USA016","PI 585601","Sorghum",0,61,0,40,275
"217",104126,"USA016","PI 585616","Sorghum",0,63,0,35,320
"218",104127,"USA016","PI 585621","Sorghum",1,58,30,35,220
"219",104128,"USA016","PI 585624","Sorghum",1,53,16,18,170
"220",104129,"USA016","PI 585636","Sorghum",0,58,11,50,215
"221",104130,"USA016","PI 585670","Sorghum",0,51,18,25,132
"222",104133,"USA016","PI 585743","Sorghum",0,49,28,38,167
"223",104134,"USA016","PI 585768","Sorghum",0,56,20,43,220
"224",104137,"USA016","PI 585818","Sorghum",0,53,22,35,220
"225",104138,"USA016","PI 585859","Sorghum",2,62,14,21,150
"226",104140,"USA016","PI 585976","Sorghum",1,64,4,60,216
"227",104141,"USA016","PI 585984","Sorghum",2,49,19,38,245
"228",104142,"USA016","PI 586073","Sorghum",0,55,22,20,140
"229",104143,"USA016","PI 586089","Sorghum",0,52,9,27,95
"230",104144,"USA016","PI 586098","Sorghum",0,57,3,30,197
"231",104146,"USA016","PI 586139","Sorghum",1,55,22,31,148
"232",104147,"USA016","PI 586149","Sorghum",1,57,13,42,200
"233",104148,"USA016","PI 586152","Sorghum",1,51,9,25,220
"234",104149,"USA016","PI 586203","Sorghum",0,43,26,32,164
"235",104151,"USA016","PI 586253","Sorghum",1,45,14,22,156
"236",104152,"USA016","PI 586256","Sorghum",0,59,16,37,240
"237",104153,"USA016","PI 586331","Sorghum",0,47,32,28,190
"238",104154,"USA016","PI 586385","Sorghum",1,56,49,16,115
"239",104155,"USA016","PI 586425","Sorghum",5,69,30,38,200
"240",104156,"USA016","PI 586426","Sorghum",5,69,10,30,240
"241",104157,"USA016","PI 586505","Sorghum",0,49,28,32,112
"242",120021,"USA016","PI 585351","Sorghum",0,58,9,26,75
"243",120022,"USA016","PI 585353","Sorghum",0,65,4,19,70
"244",120023,"USA016","PI 585371","Sorghum",0,65,20,29,108
"245",120024,"USA016","PI 585412","Sorghum",2,58,14,25,256
"246",120025,"USA016","PI 585413","Sorghum",0,60,0,45,280
"247",120027,"USA016","PI 585474","Sorghum",0,51,20,34,168
"248",120028,"USA016","PI 585500","Sorghum",0,65,20,38,250
"249",120029,"USA016","PI 585513","Sorghum",1,67,10,27,240
"250",120030,"USA016","PI 585575","Sorghum",0,67,10,20,230
"251",120031,"USA016","PI 585594","Sorghum",0,61,0,26,270
"252",120032,"USA016","PI 585634","Sorghum",1,53,24,36,250
"253",120033,"USA016","PI 585652","Sorghum",1,58,20,60,170
"254",120034,"USA016","PI 585682","Sorghum",2,56,0,25,140
"255",120035,"USA016","PI 585799","Sorghum",1,61,20,40,260
"256",120036,"USA016","PI 585823","Sorghum",0,53,27,35,198
"257",120038,"USA016","PI 585855","Sorghum",1,58,14,18,176
"258",120039,"USA016","PI 585893","Sorghum",1,62,9,26,225
"259",120040,"USA016","PI 585906","Sorghum",1,51,14,36,290
"260",120041,"USA016","PI 585974","Sorghum",1,57,6,45,236
"261",120042,"USA016","PI 585989","Sorghum",1,57,22,28,240
"262",120045,"USA016","PI 586046","Sorghum",0,55,12,21,130
"263",120046,"USA016","PI 586086","Sorghum",0,55,0,32,144
"264",120047,"USA016","PI 586133","Sorghum",1,47,20,44,183
"265",120048,"USA016","PI 586147","Sorghum",1,49,33,32,173
"266",120049,"USA016","PI 586160","Sorghum",0,55,30,31,220
"267",120050,"USA016","PI 586228","Sorghum",1,49,26,42,200
"268",120051,"USA016","PI 586245","Sorghum",0,45,30,25,165
"269",120052,"USA016","PI 586273","Sorghum",0,43,31,29,160
"270",120053,"USA016","PI 586275","Sorghum",2,47,32,37,218
"271",120054,"USA016","PI 586285","Sorghum",1,56,24,40,223
"272",120055,"USA016","PI 586318","Sorghum",1,56,23,38,237
"273",120056,"USA016","PI 586360","Sorghum",2,50,28,27,215
"274",120057,"USA016","PI 586365","Sorghum",1,45,36,32,230
"275",120058,"USA016","PI 586440","Sorghum",0,50,17,17,93
"276",120059,"USA016","PI 586441","Sorghum",0,43,19,19,117
"277",120060,"USA016","PI 586459","Sorghum",0,47,24,26,74
"278",120061,"USA016","PI 586482","Sorghum",0,56,13,20,147
"279",120062,"USA016","PI 586499","Sorghum",0,59,11,26,206
"280",120063,"USA016","PI 586503","Sorghum",0,52,13,25,172
"281",120064,"USA016","PI 586513","Sorghum",0,49,19,26,105
"282",135992,"USA016","PI 585329","Sorghum",2,50,23,26,137
"283",135993,"USA016","PI 585391","Sorghum",0,53,10,40,210
"284",135994,"USA016","PI 585411","Sorghum",1,53,6,32,240
"285",135995,"USA016","PI 585433","Sorghum",0,67,10,19,296
"286",135996,"USA016","PI 585462","Sorghum",0,70,43,44,313
"287",135998,"USA016","PI 585512","Sorghum",0,63,42,40,208
"288",135999,"USA016","PI 585572","Sorghum",0,73,0,25,245
"289",136000,"USA016","PI 585604","Sorghum",0,65,0,29,238
"290",136001,"USA016","PI 585629","Sorghum",1,51,20,35,220
"291",136002,"USA016","PI 585646","Sorghum",0,53,30,72,210
"292",136004,"USA016","PI 585711","Sorghum",1,46,26,34,140
"293",136005,"USA016","PI 585718","Sorghum",1,65,30,34,210
"294",136006,"USA016","PI 585734","Sorghum",1,67,13,37,190
"295",136008,"USA016","PI 585753","Sorghum",2,56,22,30,128
"296",136009,"USA016","PI 585779","Sorghum",1,53,34,42,160
"297",136011,"USA016","PI 585803","Sorghum",0,58,20,48,240
"298",136012,"USA016","PI 585851","Sorghum",2,58,33,22,137
"299",136013,"USA016","PI 585856","Sorghum",0,62,6,27,160
"300",136015,"USA016","PI 585930","Sorghum",1,66,10,42,306
"301",136016,"USA016","PI 585945","Sorghum",1,83,22,44,340
"302",136017,"USA016","PI 585952","Sorghum",2,77,5,32,280
"303",136018,"USA016","PI 586095","Sorghum",0,59,12,32,126
"304",136019,"USA016","PI 586110","Sorghum",0,55,24,38,194
"305",136020,"USA016","PI 586135","Sorghum",1,51,16,27,164
"306",136021,"USA016","PI 586260","Sorghum",2,62,22,25,175
"307",136022,"USA016","PI 586307","Sorghum",1,51,30,38,170
"308",136023,"USA016","PI 586371","Sorghum",1,51,34,36,200
"309",136024,"USA016","PI 586411","Sorghum",5,69,0,31,204
"310",136025,"USA016","PI 586413","Sorghum",5,62,11,36,197
"311",136026,"USA016","PI 586429","Sorghum",5,66,9,44,220
"312",136027,"USA016","PI 586434","Sorghum",0,59,17,16,153
"313",136028,"USA016","PI 586464","Sorghum",0,56,14,28,104
"314",152077,"USA016","PI 585301","Sorghum",2,46,16,17,164
"315",152078,"USA016","PI 585305","Sorghum",1,42,20,21,169
"316",152079,"USA016","PI 585310","Sorghum",2,44,21,37,175
"317",152080,"USA016","PI 585320","Sorghum",2,46,10,17,110
"318",152081,"USA016","PI 585342","Sorghum",0,56,0,22,135
"319",152082,"USA016","PI 585370","Sorghum",0,49,10,36,106
"320",152083,"USA016","PI 585451","Sorghum",0,79,18,37,350
"321",152084,"USA016","PI 585454","Sorghum",1,72,17,33,328
"322",152085,"USA016","PI 585509","Sorghum",0,58,20,45,220
"323",152086,"USA016","PI 585523","Sorghum",0,74,23,38,297
"324",152087,"USA016","PI 585553","Sorghum",0,74,27,41,348
"325",152089,"USA016","PI 585736","Sorghum",2,70,15,38,182
"326",152091,"USA016","PI 585751","Sorghum",2,49,24,34,132
"327",152092,"USA016","PI 585755","Sorghum",1,53,9,43,188
"328",152093,"USA016","PI 585792","Sorghum",1,61,22,43,235
"329",152094,"USA016","PI 585833","Sorghum",0,49,27,43,215
"330",152095,"USA016","PI 585835","Sorghum",0,62,18,37,198
"331",152096,"USA016","PI 585845","Sorghum",2,49,23,41,160
"332",152097,"USA016","PI 585849","Sorghum",1,58,18,33,176
"333",152098,"USA016","PI 585865","Sorghum",0,51,17,35,190
"334",152100,"USA016","PI 585876","Sorghum",2,66,24,26,170
"335",152101,"USA016","PI 585895","Sorghum",2,62,22,15,192
"336",152102,"USA016","PI 585961","Sorghum",2,85,10,42,385
"337",152103,"USA016","PI 585969","Sorghum",0,57,2,33,245
"338",152104,"USA016","PI 585979","Sorghum",1,64,30,35,230
"339",152105,"USA016","PI 585992","Sorghum",1,69,25,34,265
"340",152106,"USA016","PI 586023","Sorghum",0,69,15,20,275
"341",152107,"USA016","PI 586047","Sorghum",0,64,11,36,240
"342",152108,"USA016","PI 586051","Sorghum",0,51,9,30,187
"343",152109,"USA016","PI 586116","Sorghum",2,51,30,35,150
"344",152110,"USA016","PI 586121","Sorghum",2,55,33,37,220
"345",152111,"USA016","PI 586132","Sorghum",1,52,30,42,210
"346",152112,"USA016","PI 586181","Sorghum",2,55,20,29,191
"347",152113,"USA016","PI 586194","Sorghum",2,62,12,34,240
"348",152114,"USA016","PI 586217","Sorghum",0,55,27,38,190
"349",152115,"USA016","PI 586222","Sorghum",1,55,36,23,155
"350",152116,"USA016","PI 586225","Sorghum",2,45,23,30,192
"351",152117,"USA016","PI 586229","Sorghum",2,62,11,37,220
"352",152118,"USA016","PI 586252","Sorghum",1,51,25,36,225
"353",152119,"USA016","PI 586271","Sorghum",0,57,25,28,200
"354",152121,"USA016","PI 586415","Sorghum",5,64,14,34,220
"355",152122,"USA016","PI 586430","Sorghum",5,69,14,28,193
"356",152123,"USA016","PI 586455","Sorghum",1,41,27,24,85
"357",152124,"USA016","PI 586519","Sorghum",1,73,13,28,257
"358",152125,"USA016","PI 586521","Sorghum",0,59,13,27,260
"359",153336,"USA016","PI 457191","Sorghum",0,65,6,29,267
"360",167901,"USA016","PI 585327","Sorghum",1,42,12,16,138
"361",167903,"USA016","PI 585349","Sorghum",0,58,10,35,70
"362",167904,"USA016","PI 585376","Sorghum",0,79,0,22,170
"363",167905,"USA016","PI 585421","Sorghum",0,56,10,26,224
"364",167906,"USA016","PI 585452","Sorghum",0,72,20,35,367
"365",167907,"USA016","PI 585566","Sorghum",1,61,25,17,98
"366",167908,"USA016","PI 585568","Sorghum",1,49,0,29,126
"367",167910,"USA016","PI 585683","Sorghum",0,53,36,39,190
"368",167911,"USA016","PI 585693","Sorghum",1,58,14,18,160
"369",167912,"USA016","PI 585737","Sorghum",1,61,29,28,199
"370",167914,"USA016","PI 585846","Sorghum",2,58,17,35,203
"371",167917,"USA016","PI 585896","Sorghum",2,51,8,39,210
"372",167918,"USA016","PI 585915","Sorghum",1,62,10,43,237
"373",167919,"USA016","PI 585947","Sorghum",1,85,20,46,314
"374",167920,"USA016","PI 585993","Sorghum",2,55,50,47,200
"375",167921,"USA016","PI 586010","Sorghum",2,66,19,46,255
"376",167923,"USA016","PI 586142","Sorghum",1,47,16,32,209
"377",167925,"USA016","PI 586239","Sorghum",0,47,27,3,185
"378",167926,"USA016","PI 586246","Sorghum",0,45,26,18,166
"379",167927,"USA016","PI 586274","Sorghum",0,45,16,51,197
"380",167928,"USA016","PI 586287","Sorghum",1,56,23,41,230
"381",167929,"USA016","PI 586308","Sorghum",1,50,24,32,206
"382",167930,"USA016","PI 586323","Sorghum",1,59,22,34,216
"383",167931,"USA016","PI 586377","Sorghum",0,49,0,18,150
"384",167932,"USA016","PI 586416","Sorghum",5,69,6,34,190
"385",167933,"USA016","PI 586461","Sorghum",2,56,10,20,110
"386",167934,"USA016","PI 586472","Sorghum",0,52,0,30,150
"387",167935,"USA016","PI 586473","Sorghum",0,56,12,31,110
"388",167936,"USA016","PI 586483","Sorghum",1,52,8,37,190
"389",167937,"USA016","PI 586507","Sorghum",0,52,0,32,100
"390",167938,"USA016","PI 586523","Sorghum",0,56,14,20,140
"391",167939,"USA016","PI 586533","Sorghum",0,56,17,22,140
"392",183853,"USA016","PI 585296","Sorghum",0,58,16,28,210
"393",183854,"USA016","PI 585336","Sorghum",0,51,0,24,96
"394",183855,"USA016","PI 585360","Sorghum",0,58,0,32,74
"395",183856,"USA016","PI 585465","Sorghum",0,46,22,32,200
"396",183857,"USA016","PI 585477","Sorghum",2,60,10,35,200
"397",183858,"USA016","PI 585480","Sorghum",0,58,0,30,240
"398",183859,"USA016","PI 585524","Sorghum",0,73,30,40,280
"399",183860,"USA016","PI 585613","Sorghum",0,65,0,35,245
"400",183861,"USA016","PI 585618","Sorghum",0,61,0,25,250
"401",183862,"USA016","PI 585644","Sorghum",0,53,18,26,152
"402",183863,"USA016","PI 585690","Sorghum",2,53,25,37,215
"403",183864,"USA016","PI 585696","Sorghum",1,49,14,22,144
"404",183865,"USA016","PI 585839","Sorghum",1,58,33,47,147
"405",183866,"USA016","PI 585881","Sorghum",0,58,21,33,193
"406",183867,"USA016","PI 585901","Sorghum",2,61,10,32,200
"407",183868,"USA016","PI 585933","Sorghum",1,71,6,34,300
"408",183870,"USA016","PI 585987","Sorghum",0,62,18,35,267
"409",183872,"USA016","PI 586076","Sorghum",0,47,4,25,98
"410",183873,"USA016","PI 586082","Sorghum",1,45,18,18,100
"411",183874,"USA016","PI 586097","Sorghum",1,55,19,35,166
"412",183875,"USA016","PI 586136","Sorghum",1,49,31,26,174
"413",183877,"USA016","PI 586154","Sorghum",1,45,31,21,214
"414",183878,"USA016","PI 586199","Sorghum",1,47,20,29,166
"415",183880,"USA016","PI 586251","Sorghum",0,55,25,19,210
"416",183881,"USA016","PI 586303","Sorghum",1,62,20,38,220
"417",183882,"USA016","PI 586355","Sorghum",1,51,28,38,192
"418",183883,"USA016","PI 586379","Sorghum",0,49,5,14,157
"419",183884,"USA016","PI 586444","Sorghum",0,43,0,21,115
"420",183885,"USA016","PI 586467","Sorghum",0,62,6,25,164
"421",183886,"USA016","PI 586486","Sorghum",0,56,4,25,136
"422",183887,"USA016","PI 586501","Sorghum",0,56,18,30,120
"423",199702,"USA016","PI 585324","Sorghum",3,50,26,24,174
"424",199703,"USA016","PI 585331","Sorghum",3,42,13,18,151
"425",199704,"USA016","PI 585361","Sorghum",0,51,12,30,68
"426",199705,"USA016","PI 585373","Sorghum",0,56,15,21,104
"427",199707,"USA016","PI 585396","Sorghum",0,58,4,30,118
"428",199708,"USA016","PI 585466","Sorghum",0,49,21,25,196
"429",199709,"USA016","PI 585498","Sorghum",0,77,15,22,193
"430",199710,"USA016","PI 585588","Sorghum",0,81,10,24,260
"431",199711,"USA016","PI 585639","Sorghum",0,61,8,32,235
"432",199712,"USA016","PI 585674","Sorghum",1,53,34,43,190
"433",199713,"USA016","PI 585704","Sorghum",0,44,3,25,147
"434",199714,"USA016","PI 585728","Sorghum",2,53,30,30,170
"435",199719,"USA016","PI 586030","Sorghum",0,71,4,31,250
"436",199720,"USA016","PI 586036","Sorghum",0,77,13,19,210
"437",199721,"USA016","PI 586039","Sorghum",0,69,10,17,228
"438",199722,"USA016","PI 586058","Sorghum",0,57,18,17,160
"439",199724,"USA016","PI 586157","Sorghum",0,55,28,30,192
"440",199726,"USA016","PI 586264","Sorghum",1,56,40,36,200
"441",199728,"USA016","PI 586306","Sorghum",1,64,10,35,200
"442",199729,"USA016","PI 586317","Sorghum",1,59,32,43,266
"443",199730,"USA016","PI 586324","Sorghum",0,41,30,32,170
"444",199731,"USA016","PI 586392","Sorghum",2,62,15,15,140
"445",199732,"USA016","PI 586447","Sorghum",0,50,9,18,64
"446",199733,"USA016","PI 586448","Sorghum",0,50,6,30,74
"447",199734,"USA016","PI 586456","Sorghum",2,56,20,20,90
"448",199736,"USA016","PI 586512","Sorghum",0,49,14,33,193
"449",199737,"USA016","PI 586518","Sorghum",0,71,25,38,275
"450",199738,"USA016","PI 586525","Sorghum",1,56,13,32,167
"451",215704,"USA016","PI 585321","Sorghum",2,46,22,24,120
"452",215705,"USA016","PI 585392","Sorghum",1,56,0,38,170
"453",215706,"USA016","PI 585485","Sorghum",0,65,23,61,200
"454",215707,"USA016","PI 585493","Sorghum",0,74,15,35,185
"455",215709,"USA016","PI 585532","Sorghum",0,87,30,37,350
"456",215710,"USA016","PI 585574","Sorghum",0,70,0,29,235
"457",215711,"USA016","PI 585627","Sorghum",1,63,8,19,170
"458",215712,"USA016","PI 585662","Sorghum",0,53,0,23,172
"459",215714,"USA016","PI 585677","Sorghum",2,67,14,36,190
"460",215716,"USA016","PI 585705","Sorghum",0,44,19,32,136
"461",215717,"USA016","PI 585771","Sorghum",2,58,20,40,170
"462",215718,"USA016","PI 585772","Sorghum",1,67,14,30,176
"463",215720,"USA016","PI 585842","Sorghum",0,49,15,42,160
"464",215721,"USA016","PI 585866","Sorghum",1,46,10,36,152
"465",215722,"USA016","PI 585973","Sorghum",1,62,4,46,300
"466",215723,"USA016","PI 586003","Sorghum",1,57,12,29,240
"467",215724,"USA016","PI 586021","Sorghum",1,57,20,35,200
"468",215725,"USA016","PI 586029","Sorghum",0,69,8,31,220
"469",215728,"USA016","PI 586080","Sorghum",0,47,17,30,75
"470",215730,"USA016","PI 586114","Sorghum",2,45,23,29,150
"471",215731,"USA016","PI 586151","Sorghum",1,55,28,16,198
"472",215732,"USA016","PI 586164","Sorghum",0,45,37,16,180
"473",215735,"USA016","PI 586250","Sorghum",0,55,31,24,175
"474",215736,"USA016","PI 586304","Sorghum",0,47,20,37,195
"475",215737,"USA016","PI 586336","Sorghum",1,64,16,31,225
"476",215738,"USA016","PI 586357","Sorghum",1,49,26,18,147
"477",215739,"USA016","PI 586372","Sorghum",2,56,22,32,143
"478",215740,"USA016","PI 586396","Sorghum",1,49,8,13,165
"479",215741,"USA016","PI 586405","Sorghum",0,47,8,14,122
"480",215742,"USA016","PI 586407","Sorghum",4,66,15,27,195
"481",215743,"USA016","PI 586475","Sorghum",0,56,25,25,183
"482",215744,"USA016","PI 586490","Sorghum",0,56,30,33,180
"483",231622,"USA016","PI 585358","Sorghum",0,56,2,27,75
"484",231623,"USA016","PI 585377","Sorghum",0,58,0,42,113
"485",231624,"USA016","PI 585576","Sorghum",1,67,8,12,240
"486",231625,"USA016","PI 585600","Sorghum",0,67,0,35,220
"487",231626,"USA016","PI 585623","Sorghum",2,51,20,16,154
"488",231628,"USA016","PI 585724","Sorghum",0,61,25,50,225
"489",231629,"USA016","PI 585754","Sorghum",0,53,20,42,200
"490",231630,"USA016","PI 585761","Sorghum",1,63,20,30,220
"491",231631,"USA016","PI 585798","Sorghum",1,58,16,54,180
"492",231632,"USA016","PI 585811","Sorghum",0,73,39,40,196
"493",231633,"USA016","PI 585848","Sorghum",2,58,20,28,180
"494",231637,"USA016","PI 585882","Sorghum",0,56,35,46,185
"495",231638,"USA016","PI 585921","Sorghum",0,64,13,37,230
"496",231639,"USA016","PI 586024","Sorghum",0,59,7,21,170
"497",231640,"USA016","PI 586127","Sorghum",1,55,26,34,220
"498",231641,"USA016","PI 586141","Sorghum",1,55,16,41,180
"499",231642,"USA016","PI 586144","Sorghum",1,49,34,26,190
"500",231643,"USA016","PI 586174","Sorghum",1,59,30,35,220
"501",231644,"USA016","PI 586197","Sorghum",0,43,0,26,124
"502",231645,"USA016","PI 586259","Sorghum",1,56,23,37,220
"503",231646,"USA016","PI 586283","Sorghum",0,56,28,38,234
"504",231647,"USA016","PI 586286","Sorghum",1,47,30,40,150
"505",231648,"USA016","PI 586290","Sorghum",2,56,22,33,180
"506",231649,"USA016","PI 586302","Sorghum",1,66,16,39,236
"507",231651,"USA016","PI 586414","Sorghum",5,69,3,32,190
"508",231652,"USA016","PI 586480","Sorghum",0,56,22,20,163
"509",231653,"USA016","PI 586488","Sorghum",0,62,35,29,213
"510",231654,"USA016","PI 586530","Sorghum",0,45,0,23,105
"511",247420,"USA016","PI 585316","Sorghum",2,50,13,29,164
"512",247421,"USA016","PI 585317","Sorghum",2,42,21,26,140
"513",247422,"USA016","PI 585348","Sorghum",0,53,6,31,60
"514",247423,"USA016","PI 585384","Sorghum",0,63,5,33,195
"515",247424,"USA016","PI 585495","Sorghum",2,85,8,38,310
"516",247425,"USA016","PI 585550","Sorghum",0,70,15,42,360
"517",247427,"USA016","PI 585637","Sorghum",2,58,23,57,190
"518",247428,"USA016","PI 585642","Sorghum",1,61,18,35,204
"519",247429,"USA016","PI 585658","Sorghum",1,56,38,42,236
"520",247430,"USA016","PI 585726","Sorghum",1,62,22,28,130
"521",247432,"USA016","PI 585752","Sorghum",0,49,23,40,217
"522",247433,"USA016","PI 585766","Sorghum",2,63,13,44,227
"523",247435,"USA016","PI 585834","Sorghum",0,53,26,36,210
"524",247436,"USA016","PI 585836","Sorghum",0,49,13,37,210
"525",247437,"USA016","PI 585843","Sorghum",0,49,24,34,194
"526",247438,"USA016","PI 585873","Sorghum",0,51,10,21,185
"527",247439,"USA016","PI 585878","Sorghum",0,62,26,36,204
"528",247440,"USA016","PI 585880","Sorghum",0,56,17,23,176
"529",247441,"USA016","PI 585887","Sorghum",2,62,6,28,186
"530",247442,"USA016","PI 585913","Sorghum",2,64,17,22,206
"531",247443,"USA016","PI 585924","Sorghum",2,62,10,40,290
"532",247444,"USA016","PI 585981","Sorghum",1,55,25,40,255
"533",247445,"USA016","PI 586002","Sorghum",1,62,17,31,255
"534",247446,"USA016","PI 586004","Sorghum",1,66,8,36,242
"535",247447,"USA016","PI 586007","Sorghum",0,62,8,23,250
"536",247448,"USA016","PI 586020","Sorghum",0,47,17,31,157
"537",247449,"USA016","PI 586069","Sorghum",0,57,0,20,170
"538",247450,"USA016","PI 586074","Sorghum",0,55,13,25,90
"539",247451,"USA016","PI 586079","Sorghum",0,55,24,18,110
"540",247452,"USA016","PI 586099","Sorghum",0,49,0,24,68
"541",247453,"USA016","PI 586102","Sorghum",1,64,0,28,166
"542",247454,"USA016","PI 586115","Sorghum",0,59,43,45,197
"543",247455,"USA016","PI 586118","Sorghum",1,62,0,42,230
"544",247456,"USA016","PI 586221","Sorghum",0,49,49,37,194
"545",247458,"USA016","PI 586234","Sorghum",2,49,17,16,137
"546",247460,"USA016","PI 586257","Sorghum",2,59,24,36,240
"547",247461,"USA016","PI 586296","Sorghum",1,47,25,35,220
"548",247462,"USA016","PI 586305","Sorghum",0,62,18,42,214
"549",247463,"USA016","PI 586344","Sorghum",1,50,27,33,216
"550",247464,"USA016","PI 586356","Sorghum",0,49,18,28,214
"551",247465,"USA016","PI 586432","Sorghum",1,41,20,25,160
"552",247466,"USA016","PI 586435","Sorghum",0,66,10,26,190
"553",247467,"USA016","PI 586436","Sorghum",2,50,8,26,86
"554",247468,"USA016","PI 586439","Sorghum",0,45,8,21,135
"555",247469,"USA016","PI 586442","Sorghum",0,45,0,13,64
"556",247470,"USA016","PI 586463","Sorghum",0,62,11,28,170
"557",247471,"USA016","PI 586471","Sorghum",0,56,19,30,176
"558",247472,"USA016","PI 586506","Sorghum",0,45,12,26,110
"559",263308,"USA016","PI 585299","Sorghum",0,39,17,19,134
"560",263309,"USA016","PI 585302","Sorghum",2,50,4,18,218
"561",263310,"USA016","PI 585352","Sorghum",0,53,20,25,76
"562",263311,"USA016","PI 585383","Sorghum",0,58,0,33,187
"563",263312,"USA016","PI 585397","Sorghum",0,74,20,36,225
"564",263314,"USA016","PI 585404","Sorghum",0,60,12,43,310
"565",263315,"USA016","PI 585426","Sorghum",0,53,10,40,280
"566",263316,"USA016","PI 585437","Sorghum",0,70,0,39,286
"567",263317,"USA016","PI 585458","Sorghum",0,49,12,38,196
"568",263318,"USA016","PI 585463","Sorghum",0,65,10,35,320
"569",263319,"USA016","PI 585472","Sorghum",2,74,10,48,290
"570",263320,"USA016","PI 585489","Sorghum",2,67,23,28,145
"571",263321,"USA016","PI 585580","Sorghum",1,74,14,26,286
"572",263322,"USA016","PI 585635","Sorghum",1,53,22,40,158
"573",263323,"USA016","PI 585647","Sorghum",1,53,25,35,220
"574",263324,"USA016","PI 585655","Sorghum",0,53,0,35,212
"575",263325,"USA016","PI 585715","Sorghum",1,53,16,34,170
"576",263326,"USA016","PI 585773","Sorghum",1,61,20,40,190
"577",263327,"USA016","PI 585782","Sorghum",0,65,13,44,253
"578",263328,"USA016","PI 585785","Sorghum",0,51,20,48,250
"579",263329,"USA016","PI 585797","Sorghum",0,60,28,46,226
"580",263330,"USA016","PI 585837","Sorghum",2,53,28,50,190
"581",263331,"USA016","PI 585862","Sorghum",2,56,30,36,184
"582",263332,"USA016","PI 585899","Sorghum",0,58,27,40,213
"583",263333,"USA016","PI 585904","Sorghum",2,59,18,37,215
"584",263334,"USA016","PI 585928","Sorghum",2,56,16,44,220
"585",263335,"USA016","PI 585937","Sorghum",1,79,16,42,364
"586",263336,"USA016","PI 585975","Sorghum",2,62,17,30,213
"587",263337,"USA016","PI 585980","Sorghum",1,59,12,38,230
"588",263338,"USA016","PI 585988","Sorghum",1,57,17,33,210
"589",263339,"USA016","PI 585995","Sorghum",1,62,5,51,295
"590",263340,"USA016","PI 586111","Sorghum",2,55,25,33,140
"591",263342,"USA016","PI 586195","Sorghum",0,51,41,16,113
"592",263343,"USA016","PI 586198","Sorghum",0,43,15,29,190
"593",263344,"USA016","PI 586207","Sorghum",1,47,13,17,150
"594",263346,"USA016","PI 586265","Sorghum",0,43,28,38,186
"595",263347,"USA016","PI 586297","Sorghum",0,59,30,40,260
"596",263348,"USA016","PI 586335","Sorghum",1,51,40,37,210
"597",263349,"USA016","PI 586353","Sorghum",0,49,23,35,220
"598",263350,"USA016","PI 586421","Sorghum",6,73,16,28,176
"599",263351,"USA016","PI 586496","Sorghum",0,50,8,25,112
"600",263352,"USA016","PI 586510","Sorghum",0,56,16,22,190
"601",263353,"USA016","PI 586517","Sorghum",1,52,15,36,165
"602",279323,"USA016","PI 585304","Sorghum",3,44,25,33,166
"603",279324,"USA016","PI 585330","Sorghum",1,42,16,27,117
"604",279325,"USA016","PI 585335","Sorghum",0,51,4,24,92
"605",279326,"USA016","PI 585341","Sorghum",0,51,13,32,75
"606",279328,"USA016","PI 585408","Sorghum",1,67,14,36,280
"607",279329,"USA016","PI 585478","Sorghum",2,46,0,17,120
"608",279330,"USA016","PI 585481","Sorghum",0,60,20,26,160
"609",279331,"USA016","PI 585487","Sorghum",0,72,20,26,160
"610",279332,"USA016","PI 585505","Sorghum",0,73,23,30,207
"611",279333,"USA016","PI 585540","Sorghum",0,77,19,33,296
"612",279334,"USA016","PI 585564","Sorghum",0,53,13,27,250
"613",279335,"USA016","PI 585591","Sorghum",0,61,0,22,200
"614",279336,"USA016","PI 585651","Sorghum",0,58,31,37,250
"615",279337,"USA016","PI 585664","Sorghum",0,56,20,41,220
"616",279339,"USA016","PI 585678","Sorghum",2,58,10,20,180
"617",279340,"USA016","PI 585709","Sorghum",1,58,30,36,180
"618",279341,"USA016","PI 585767","Sorghum",0,61,25,36,220
"619",279346,"USA016","PI 585890","Sorghum",2,62,12,32,210
"620",279347,"USA016","PI 585927","Sorghum",2,64,0,35,295
"621",279348,"USA016","PI 585934","Sorghum",1,77,13,40,307
"622",279349,"USA016","PI 585941","Sorghum",1,62,22,37,206
"623",279350,"USA016","PI 585946","Sorghum",0,77,16,47,310
"624",279351,"USA016","PI 585985","Sorghum",2,57,19,36,265
"625",279352,"USA016","PI 585991","Sorghum",2,57,24,37,260
"626",279353,"USA016","PI 586013","Sorghum",1,64,2,48,240
"627",279354,"USA016","PI 586014","Sorghum",2,62,6,40,224
"628",279355,"USA016","PI 586015","Sorghum",1,47,15,32,150
"629",279356,"USA016","PI 586022","Sorghum",1,64,17,43,280
"630",279357,"USA016","PI 586072","Sorghum",0,57,0,41,113
"631",279359,"USA016","PI 586104","Sorghum",0,49,28,44,168
"632",279360,"USA016","PI 586156","Sorghum",1,47,36,34,210
"633",279361,"USA016","PI 586172","Sorghum",1,52,30,32,190
"634",279362,"USA016","PI 586184","Sorghum",0,57,47,35,213
"635",279363,"USA016","PI 586215","Sorghum",1,55,27,44,209
"636",279364,"USA016","PI 586219","Sorghum",0,59,18,38,192
"637",279365,"USA016","PI 586279","Sorghum",0,56,24,30,216
"638",279366,"USA016","PI 586316","Sorghum",1,56,17,29,200
"639",279367,"USA016","PI 586364","Sorghum",0,51,36,24,210
"640",279368,"USA016","PI 586382","Sorghum",0,49,0,15,125
"641",279369,"USA016","PI 586389","Sorghum",1,42,17,22,154
"642",279370,"USA016","PI 586398","Sorghum",0,49,10,13,150
"643",279371,"USA016","PI 586409","Sorghum",5,66,12,35,200
"644",279373,"USA016","PI 586452","Sorghum",0,45,15,16,130
"645",279374,"USA016","PI 586457","Sorghum",1,50,15,30,105
"646",279375,"USA016","PI 586474","Sorghum",0,57,31,15,164
"647",279376,"USA016","PI 586489","Sorghum",0,56,17,31,198
"648",279377,"USA016","PI 586532","Sorghum",0,56,15,25,125
"649",281462,"USA016","PI 586000","Sorghum",0,55,5,41,235
"650",295179,"USA016","PI 585309","Sorghum",2,50,28,31,166
"651",295180,"USA016","PI 585323","Sorghum",0,46,27,31,177
"652",295181,"USA016","PI 585491","Sorghum",0,65,32,36,184
"653",295184,"USA016","PI 585562","Sorghum",1,56,23,36,297
"654",295185,"USA016","PI 585593","Sorghum",0,61,0,69,217
"655",295186,"USA016","PI 585699","Sorghum",0,53,16,22,174
"656",295188,"USA016","PI 585725","Sorghum",1,56,25,25,120
"657",295189,"USA016","PI 585790","Sorghum",0,73,23,54,253
"658",295190,"USA016","PI 585795","Sorghum",0,70,17,37,236
"659",295191,"USA016","PI 585813","Sorghum",1,62,15,42,220
"660",295192,"USA016","PI 585870","Sorghum",0,56,24,36,170
"661",295193,"USA016","PI 585938","Sorghum",0,83,25,43,367
"662",295194,"USA016","PI 585949","Sorghum",1,79,3,34,325
"663",295195,"USA016","PI 585953","Sorghum",1,85,16,39,310
"664",295196,"USA016","PI 585960","Sorghum",0,79,18,38,322
"665",295197,"USA016","PI 585999","Sorghum",0,64,8,58,300
"666",295198,"USA016","PI 586019","Sorghum",1,62,7,33,310
"667",295199,"USA016","PI 586041","Sorghum",0,69,10,20,270
"668",295200,"USA016","PI 586070","Sorghum",0,54,17,28,190
"669",295201,"USA016","PI 586109","Sorghum",0,55,4,33,84
"670",295203,"USA016","PI 586171","Sorghum",0,49,30,25,170
"671",295204,"USA016","PI 586179","Sorghum",0,55,30,33,180
"672",295206,"USA016","PI 586322","Sorghum",1,62,13,33,287
"673",295207,"USA016","PI 586334","Sorghum",0,56,40,31,270
"674",295208,"USA016","PI 586339","Sorghum",0,56,8,48,235
"675",295209,"USA016","PI 586351","Sorghum",1,49,30,27,195
"676",295210,"USA016","PI 586391","Sorghum",1,49,8,14,172
"677",295211,"USA016","PI 586478","Sorghum",0,59,10,25,155
"678",295212,"USA016","PI 586492","Sorghum",0,56,26,28,234
"679",296421,"USA016","PI 453866","Sorghum",0,81,8,14,118
"680",296537,"USA016","PI 457681","Sorghum",0,67,15,22,275
"681",311073,"USA016","PI 585347","Sorghum",0,49,14,23,76
"682",311074,"USA016","PI 585350","Sorghum",0,56,16,30,72
"683",311075,"USA016","PI 585372","Sorghum",0,63,0,27,70
"684",311076,"USA016","PI 585374","Sorghum",0,56,9,25,60
"685",311077,"USA016","PI 585435","Sorghum",0,70,12,30,273
"686",311078,"USA016","PI 585502","Sorghum",1,70,30,38,310
"687",311079,"USA016","PI 585510","Sorghum",1,65,35,35,200
"688",311080,"USA016","PI 585570","Sorghum",0,85,7,33,240
"689",311081,"USA016","PI 585665","Sorghum",1,67,16,24,118
"690",311084,"USA016","PI 585721","Sorghum",1,53,21,34,195
"691",311085,"USA016","PI 585731","Sorghum",2,62,0,40,200
"692",311086,"USA016","PI 585739","Sorghum",0,44,35,58,155
"693",311087,"USA016","PI 585788","Sorghum",0,61,20,60,260
"694",311088,"USA016","PI 585793","Sorghum",0,61,27,46,213
"695",311089,"USA016","PI 585802","Sorghum",2,58,23,49,260
"696",311092,"USA016","PI 585854","Sorghum",1,56,11,24,171
"697",311094,"USA016","PI 585916","Sorghum",2,64,9,49,232
"698",311095,"USA016","PI 585964","Sorghum",2,71,19,18,276
"699",311096,"USA016","PI 586034","Sorghum",0,73,17,24,230
"700",311097,"USA016","PI 586037","Sorghum",0,77,5,32,250
"701",311099,"USA016","PI 586044","Sorghum",0,64,7,25,238
"702",311100,"USA016","PI 586061","Sorghum",0,66,10,33,240
"703",311102,"USA016","PI 586105","Sorghum",0,47,11,41,160
"704",311103,"USA016","PI 586124","Sorghum",2,55,19,40,195
"705",311104,"USA016","PI 586159","Sorghum",0,55,26,15,194
"706",311105,"USA016","PI 586185","Sorghum",0,62,21,34,205
"707",311106,"USA016","PI 586186","Sorghum",2,59,19,41,270
"708",311107,"USA016","PI 586291","Sorghum",1,56,18,32,200
"709",311108,"USA016","PI 586292","Sorghum",1,62,13,50,272
"710",311109,"USA016","PI 586295","Sorghum",0,56,24,29,240
"711",311110,"USA016","PI 586300","Sorghum",0,62,7,48,283
"712",311112,"USA016","PI 586341","Sorghum",1,50,30,21,200
"713",311113,"USA016","PI 586350","Sorghum",1,56,17,39,197
"714",311114,"USA016","PI 586352","Sorghum",1,49,33,23,204
"715",311115,"USA016","PI 586366","Sorghum",0,49,28,18,205
"716",311116,"USA016","PI 586370","Sorghum",1,56,30,38,210
"717",311117,"USA016","PI 586374","Sorghum",1,45,20,27,200
"718",311118,"USA016","PI 586381","Sorghum",0,45,0,16,150
"719",311119,"USA016","PI 586384","Sorghum",1,45,8,12,160
"720",311120,"USA016","PI 586410","Sorghum",5,69,0,34,216
"721",311121,"USA016","PI 586423","Sorghum",5,71,2,33,190
"722",311122,"USA016","PI 586487","Sorghum",0,62,6,20,220
"723",311123,"USA016","PI 586493","Sorghum",0,64,0,24,185
"724",311124,"USA016","PI 586516","Sorghum",0,62,15,32,210
"725",326845,"USA016","PI 585314","Sorghum",2,44,37,35,183
"726",326847,"USA016","PI 585369","Sorghum",0,51,22,29,96
"727",326848,"USA016","PI 585399","Sorghum",1,60,0,37,190
"728",326849,"USA016","PI 585431","Sorghum",0,58,7,15,230
"729",326850,"USA016","PI 585469","Sorghum",2,70,10,48,280
"730",326852,"USA016","PI 585617","Sorghum",0,63,7,28,277
"731",326855,"USA016","PI 585707","Sorghum",0,61,20,34,196
"732",326856,"USA016","PI 585708","Sorghum",1,73,20,30,160
"733",326857,"USA016","PI 585733","Sorghum",0,56,12,43,195
"734",326858,"USA016","PI 585757","Sorghum",0,53,26,37,144
"735",326861,"USA016","PI 585841","Sorghum",2,44,20,40,156
"736",326863,"USA016","PI 585950","Sorghum",0,79,25,43,307
"737",326865,"USA016","PI 585983","Sorghum",2,55,19,35,216
"738",326866,"USA016","PI 586045","Sorghum",0,55,22,35,203
"739",326867,"USA016","PI 586053","Sorghum",0,64,10,30,200
"740",326868,"USA016","PI 586057","Sorghum",0,62,10,33,215
"741",326869,"USA016","PI 586059","Sorghum",0,69,7,32,247
"742",326870,"USA016","PI 586064","Sorghum",1,59,26,23,180
"743",326871,"USA016","PI 586311","Sorghum",1,45,26,37,170
"744",326872,"USA016","PI 586346","Sorghum",2,56,30,38,220
"745",326873,"USA016","PI 586359","Sorghum",0,51,27,26,183
"746",326874,"USA016","PI 586383","Sorghum",0,49,0,13,118
"747",326875,"USA016","PI 586403","Sorghum",1,47,20,21,136
"748",326876,"USA016","PI 586450","Sorghum",0,50,13,29,70
"749",328207,"USA016","PI 457684","Sorghum",0,72,13,47,310
"750",342718,"USA016","PI 585345","Sorghum",0,53,0,22,57
"751",342719,"USA016","PI 585346","Sorghum",0,49,4,32,66
"752",342720,"USA016","PI 585359","Sorghum",0,49,13,35,62
"753",342721,"USA016","PI 585418","Sorghum",1,63,15,35,290
"754",342723,"USA016","PI 585439","Sorghum",0,58,6,24,260
"755",342724,"USA016","PI 585460","Sorghum",0,70,22,38,215
"756",342725,"USA016","PI 585475","Sorghum",0,46,0,37,180
"757",342726,"USA016","PI 585488","Sorghum",1,63,0,37,160
"758",342728,"USA016","PI 585520","Sorghum",0,77,20,45,280
"759",342729,"USA016","PI 585534","Sorghum",0,74,10,20,300
"760",342730,"USA016","PI 585565","Sorghum",0,70,14,35,300
"761",342731,"USA016","PI 585584","Sorghum",0,72,0,40,280
"762",342732,"USA016","PI 585609","Sorghum",0,67,0,30,290
"763",342733,"USA016","PI 585614","Sorghum",0,63,0,33,295
"764",342734,"USA016","PI 585633","Sorghum",1,53,17,38,190
"765",342735,"USA016","PI 585667","Sorghum",2,51,0,22,159
"766",342737,"USA016","PI 585716","Sorghum",0,39,27,27,146
"767",342738,"USA016","PI 585742","Sorghum",0,61,19,17,176
"768",342739,"USA016","PI 585765","Sorghum",1,53,18,37,222
"769",342740,"USA016","PI 585807","Sorghum",0,49,14,40,196
"770",342742,"USA016","PI 585874","Sorghum",0,53,22,40,188
"771",342743,"USA016","PI 585912","Sorghum",1,55,30,40,240
"772",342744,"USA016","PI 585931","Sorghum",1,69,6,28,246
"773",342745,"USA016","PI 585935","Sorghum",1,79,24,46,370
"774",342746,"USA016","PI 585963","Sorghum",2,77,23,37,300
"775",342748,"USA016","PI 586009","Sorghum",1,54,10,32,310
"776",342749,"USA016","PI 586011","Sorghum",1,57,13,42,180
"777",342751,"USA016","PI 586125","Sorghum",0,51,18,28,180
"778",342753,"USA016","PI 586165","Sorghum",2,55,25,37,220
"779",342754,"USA016","PI 586173","Sorghum",0,52,30,35,220
"780",342755,"USA016","PI 586176","Sorghum",0,52,27,27,180
"781",342756,"USA016","PI 586191","Sorghum",1,64,16,46,284
"782",342757,"USA016","PI 586206","Sorghum",0,43,31,22,167
"783",342759,"USA016","PI 586235","Sorghum",2,49,24,34,167
"784",342760,"USA016","PI 586237","Sorghum",0,51,15,30,195
"785",342763,"USA016","PI 586280","Sorghum",1,47,30,40,210
"786",342764,"USA016","PI 586326","Sorghum",2,43,29,29,167
"787",342765,"USA016","PI 586368","Sorghum",2,56,26,27,210
"788",342766,"USA016","PI 586401","Sorghum",0,49,16,18,170
"789",342767,"USA016","PI 586417","Sorghum",5,69,12,33,180
"790",342768,"USA016","PI 586466","Sorghum",0,62,13,23,160
"791",342769,"USA016","PI 586481","Sorghum",0,56,8,18,135
"792",358529,"USA016","PI 585307","Sorghum",2,50,27,24,179
"793",358530,"USA016","PI 585338","Sorghum",0,46,6,28,100
"794",358531,"USA016","PI 585410","Sorghum",0,67,0,37,205
"795",358532,"USA016","PI 585422","Sorghum",0,60,5,33,268
"796",358533,"USA016","PI 585438","Sorghum",0,65,10,38,250
"797",358534,"USA016","PI 585448","Sorghum",0,79,5,40,305
"798",358535,"USA016","PI 585470","Sorghum",2,74,10,40,292
"799",358536,"USA016","PI 585476","Sorghum",1,51,13,21,130
"800",358537,"USA016","PI 585507","Sorghum",1,60,79,31,117
"801",358538,"USA016","PI 585519","Sorghum",0,65,30,65,330
"802",358540,"USA016","PI 585560","Sorghum",2,79,7,29,264
"803",358542,"USA016","PI 585586","Sorghum",0,67,13,34,320
"804",358543,"USA016","PI 585595","Sorghum",0,61,0,42,266
"805",358544,"USA016","PI 585612","Sorghum",0,65,0,34,270
"806",358545,"USA016","PI 585641","Sorghum",1,58,30,44,290
"807",358546,"USA016","PI 585645","Sorghum",2,51,7,31,162
"808",358547,"USA016","PI 585762","Sorghum",0,58,8,50,250
"809",358548,"USA016","PI 585814","Sorghum",0,58,33,36,224
"810",358549,"USA016","PI 585831","Sorghum",0,53,14,32,206
"811",358550,"USA016","PI 585850","Sorghum",1,46,15,22,150
"812",358553,"USA016","PI 585907","Sorghum",0,47,23,35,176
"813",358555,"USA016","PI 585951","Sorghum",1,73,24,50,306
"814",358556,"USA016","PI 585962","Sorghum",0,79,22,32,316
"815",358557,"USA016","PI 586028","Sorghum",1,66,5,22,220
"816",358558,"USA016","PI 586032","Sorghum",1,73,2,20,248
"817",358559,"USA016","PI 586092","Sorghum",0,55,8,22,120
"818",358561,"USA016","PI 586140","Sorghum",2,49,21,37,177
"819",358562,"USA016","PI 586150","Sorghum",1,55,32,33,205
"820",358563,"USA016","PI 586183","Sorghum",0,71,30,31,220
"821",358564,"USA016","PI 586227","Sorghum",1,55,30,35,245
"822",358566,"USA016","PI 586266","Sorghum",0,47,14,20,138
"823",358567,"USA016","PI 586270","Sorghum",0,49,27,15,148
"824",358568,"USA016","PI 586294","Sorghum",1,56,28,41,227
"825",358569,"USA016","PI 586338","Sorghum",1,56,26,44,180
"826",358570,"USA016","PI 586340","Sorghum",1,56,26,34,210
"827",358571,"USA016","PI 586345","Sorghum",1,56,40,30,220
"828",358572,"USA016","PI 586361","Sorghum",1,45,17,21,180
"829",358573,"USA016","PI 586500","Sorghum",0,52,0,27,173
"830",358574,"USA016","PI 586515","Sorghum",0,49,20,38,94
"831",374355,"USA016","PI 585298","Sorghum",0,44,18,30,162
"832",374356,"USA016","PI 585326","Sorghum",2,50,10,16,190
"833",374357,"USA016","PI 585416","Sorghum",0,63,22,50,250
"834",374359,"USA016","PI 585530","Sorghum",0,87,10,32,280
"835",374360,"USA016","PI 585541","Sorghum",0,85,16,58,354
"836",374361,"USA016","PI 585552","Sorghum",0,74,26,51,260
"837",374362,"USA016","PI 585712","Sorghum",1,61,30,42,190
"838",374364,"USA016","PI 585824","Sorghum",0,49,33,38,214
"839",374365,"USA016","PI 585828","Sorghum",0,53,17,37,180
"840",374366,"USA016","PI 585829","Sorghum",1,53,32,35,206
"841",374367,"USA016","PI 585830","Sorghum",0,51,25,36,235
"842",374368,"USA016","PI 585838","Sorghum",0,56,34,43,206
"843",374370,"USA016","PI 585914","Sorghum",1,66,24,30,236
"844",374371,"USA016","PI 585920","Sorghum",1,55,15,20,155
"845",374372,"USA016","PI 585922","Sorghum",1,56,4,30,246
"846",374373,"USA016","PI 585923","Sorghum",2,49,7,54,226
"847",374374,"USA016","PI 585940","Sorghum",0,79,30,40,290
"848",374375,"USA016","PI 585944","Sorghum",0,77,10,43,290
"849",374376,"USA016","PI 585965","Sorghum",1,69,20,40,260
"850",374377,"USA016","PI 585982","Sorghum",1,51,25,35,230
"851",374378,"USA016","PI 586035","Sorghum",0,73,7,31,290
"852",374379,"USA016","PI 586065","Sorghum",2,47,26,21,160
"853",374380,"USA016","PI 586123","Sorghum",1,47,23,28,174
"854",374381,"USA016","PI 586130","Sorghum",2,55,27,39,210
"855",374382,"USA016","PI 586153","Sorghum",1,45,18,33,176
"856",374383,"USA016","PI 586218","Sorghum",1,45,23,28,161
"857",374384,"USA016","PI 586277","Sorghum",0,49,27,40,243
"858",374385,"USA016","PI 586327","Sorghum",1,59,25,38,247
"859",374386,"USA016","PI 586397","Sorghum",2,45,7,9,165
"860",374387,"USA016","PI 586498","Sorghum",0,56,8,15,157
"861",375574,"USA016","PI 453821","Sorghum",0,60,7,10,101
"862",390324,"USA016","PI 585405","Sorghum",0,58,20,44,280
"863",390325,"USA016","PI 585409","Sorghum",0,70,38,30,252
"864",390326,"USA016","PI 585430","Sorghum",0,63,18,38,240
"865",390328,"USA016","PI 585511","Sorghum",0,60,0,27,210
"866",390329,"USA016","PI 585521","Sorghum",0,79,20,33,240
"867",390330,"USA016","PI 585563","Sorghum",2,70,0,30,250
"868",390331,"USA016","PI 585567","Sorghum",0,77,20,36,290
"869",390332,"USA016","PI 585573","Sorghum",0,77,8,25,262
"870",390333,"USA016","PI 585585","Sorghum",0,87,6,24,360
"871",390334,"USA016","PI 585592","Sorghum",0,67,13,21,180
"872",390335,"USA016","PI 585626","Sorghum",1,53,12,12,166
"873",390336,"USA016","PI 585671","Sorghum",2,58,24,40,206
"874",390337,"USA016","PI 585691","Sorghum",2,61,32,53,240
"875",390339,"USA016","PI 585729","Sorghum",1,56,20,48,230
"876",390340,"USA016","PI 585730","Sorghum",1,58,30,40,160
"877",390341,"USA016","PI 585746","Sorghum",1,44,17,43,150
"878",390342,"USA016","PI 585787","Sorghum",0,70,38,36,206
"879",390343,"USA016","PI 585801","Sorghum",0,56,20,50,240
"880",390344,"USA016","PI 585820","Sorghum",0,49,20,34,200
"881",390345,"USA016","PI 585844","Sorghum",2,56,34,36,206
"882",390347,"USA016","PI 585864","Sorghum",0,49,1,14,154
"883",390349,"USA016","PI 585925","Sorghum",2,64,13,43,277
"884",390350,"USA016","PI 585926","Sorghum",1,59,17,31,220
"885",390351,"USA016","PI 585954","Sorghum",0,85,10,50,390
"886",390352,"USA016","PI 585968","Sorghum",2,62,2,38,290
"887",390353,"USA016","PI 586008","Sorghum",1,62,15,35,270
"888",390354,"USA016","PI 586033","Sorghum",1,69,10,23,246
"889",390355,"USA016","PI 586063","Sorghum",2,57,26,20,164
"890",390357,"USA016","PI 586091","Sorghum",0,57,0,27,150
"891",390358,"USA016","PI 586094","Sorghum",0,59,15,34,155
"892",390359,"USA016","PI 586120","Sorghum",0,51,22,33,190
"893",390360,"USA016","PI 586129","Sorghum",2,43,30,40,190
"894",390361,"USA016","PI 586138","Sorghum",2,51,24,26,180
"895",390363,"USA016","PI 586201","Sorghum",0,62,19,35,236
"896",390364,"USA016","PI 586204","Sorghum",0,47,19,29,212
"897",390365,"USA016","PI 586230","Sorghum",1,62,10,30,210
"898",390366,"USA016","PI 586241","Sorghum",0,55,10,26,140
"899",390367,"USA016","PI 586247","Sorghum",1,55,31,35,214
"900",390368,"USA016","PI 586255","Sorghum",1,45,16,25,144
"901",390369,"USA016","PI 586258","Sorghum",0,45,18,25,142
"902",390370,"USA016","PI 586282","Sorghum",0,47,16,39,220
"903",390371,"USA016","PI 586332","Sorghum",0,59,17,40,243
"904",390372,"USA016","PI 586333","Sorghum",1,56,28,38,232
"905",390373,"USA016","PI 586404","Sorghum",1,45,15,28,145
"906",390374,"USA016","PI 586427","Sorghum",4,69,14,35,228
"907",390375,"USA016","PI 586438","Sorghum",0,59,26,23,111
"908",390376,"USA016","PI 586449","Sorghum",1,59,11,22,70
"909",390377,"USA016","PI 586468","Sorghum",1,62,4,27,195
"910",390378,"USA016","PI 586520","Sorghum",0,69,9,27,320
"911",390379,"USA016","PI 586524","Sorghum",0,56,22,30,170
"912",406286,"USA016","PI 585337","Sorghum",0,56,5,34,140
"913",406288,"USA016","PI 585395","Sorghum",0,65,8,32,190
"914",406289,"USA016","PI 585407","Sorghum",1,58,12,33,230
"915",406290,"USA016","PI 585423","Sorghum",0,60,10,32,270
"916",406291,"USA016","PI 585504","Sorghum",0,70,38,45,272
"917",406293,"USA016","PI 585539","Sorghum",0,77,25,37,268
"918",406295,"USA016","PI 585569","Sorghum",1,56,24,34,210
"919",406296,"USA016","PI 585615","Sorghum",0,63,0,40,280
"920",406297,"USA016","PI 585685","Sorghum",0,53,33,39,184
"921",406301,"USA016","PI 585763","Sorghum",0,58,27,36,233
"922",406302,"USA016","PI 585796","Sorghum",0,58,22,40,274
"923",406303,"USA016","PI 585810","Sorghum",0,65,12,60,328
"924",406306,"USA016","PI 585958","Sorghum",2,77,10,36,310
"925",406307,"USA016","PI 585959","Sorghum",2,71,14,30,276
"926",406308,"USA016","PI 585972","Sorghum",0,62,5,36,335
"927",406309,"USA016","PI 585997","Sorghum",1,56,23,38,231
"928",406310,"USA016","PI 586005","Sorghum",0,62,9,35,291
"929",406311,"USA016","PI 586052","Sorghum",0,62,21,34,239
"930",406313,"USA016","PI 586078","Sorghum",0,51,0,21,78
"931",406314,"USA016","PI 586093","Sorghum",0,62,0,22,113
"932",406316,"USA016","PI 586112","Sorghum",1,45,32,30,148
"933",406318,"USA016","PI 586309","Sorghum",1,56,34,36,216
"934",406319,"USA016","PI 586314","Sorghum",0,51,30,36,170
"935",406321,"USA016","PI 586358","Sorghum",0,49,20,19,210
"936",406322,"USA016","PI 586380","Sorghum",0,49,10,21,137
"937",406323,"USA016","PI 586511","Sorghum",0,49,22,31,170
"938",407613,"USA016","PI 457308","Sorghum",0,65,27,38,300
"939",422275,"USA016","PI 585308","Sorghum",1,56,14,27,191
"940",422278,"USA016","PI 585380","Sorghum",2,60,10,38,210
"941",422279,"USA016","PI 585414","Sorghum",0,63,6,40,294
"942",422280,"USA016","PI 585501","Sorghum",0,74,30,22,220
"943",422282,"USA016","PI 585578","Sorghum",0,73,13,36,271
"944",422284,"USA016","PI 585694","Sorghum",1,61,33,38,197
"945",422286,"USA016","PI 585741","Sorghum",1,53,7,34,196
"946",422289,"USA016","PI 585781","Sorghum",2,56,33,53,190
"947",422290,"USA016","PI 585789","Sorghum",0,53,38,56,226
"948",422291,"USA016","PI 585805","Sorghum",0,58,43,43,214
"949",422292,"USA016","PI 585812","Sorghum",0,62,28,41,182
"950",422293,"USA016","PI 585815","Sorghum",1,58,34,34,240
"951",422294,"USA016","PI 585832","Sorghum",0,62,11,31,185
"952",422295,"USA016","PI 585860","Sorghum",1,46,13,33,105
"953",422296,"USA016","PI 585883","Sorghum",2,62,13,33,202
"954",422297,"USA016","PI 585894","Sorghum",2,56,8,19,220
"955",422298,"USA016","PI 585910","Sorghum",0,62,24,26,200
"956",422299,"USA016","PI 585929","Sorghum",1,56,17,38,250
"957",422301,"USA016","PI 586012","Sorghum",0,64,0,27,210
"958",422302,"USA016","PI 586016","Sorghum",1,55,19,48,195
"959",422303,"USA016","PI 586038","Sorghum",0,77,5,7,215
"960",422305,"USA016","PI 586067","Sorghum",2,47,33,24,160
"961",422306,"USA016","PI 586145","Sorghum",0,51,35,33,192
"962",422307,"USA016","PI 586148","Sorghum",1,59,11,48,202
"963",422308,"USA016","PI 586170","Sorghum",0,57,28,28,180
"964",422309,"USA016","PI 586175","Sorghum",2,50,25,31,190
"965",422310,"USA016","PI 586177","Sorghum",1,59,29,31,220
"966",422311,"USA016","PI 586192","Sorghum",0,59,0,35,245
"967",422312,"USA016","PI 586240","Sorghum",1,47,32,26,174
"968",422314,"USA016","PI 586263","Sorghum",2,47,28,22,140
"969",422315,"USA016","PI 586269","Sorghum",1,56,25,21,175
"970",422316,"USA016","PI 586310","Sorghum",1,56,30,37,200
"971",422317,"USA016","PI 586386","Sorghum",1,49,0,13,135
"972",422318,"USA016","PI 586402","Sorghum",0,49,14,21,143
"973",422319,"USA016","PI 586406","Sorghum",4,62,0,33,197
"974",422320,"USA016","PI 586419","Sorghum",5,62,9,39,232
"975",422321,"USA016","PI 586465","Sorghum",0,52,8,31,104
"976",422322,"USA016","PI 586476","Sorghum",0,59,0,27,167
"977",422323,"USA016","PI 586502","Sorghum",0,49,11,23,136
"978",438169,"USA016","PI 585313","Sorghum",2,44,20,34,150
"979",438170,"USA016","PI 585322","Sorghum",2,42,11,13,127
"980",438171,"USA016","PI 585365","Sorghum",0,49,7,25,70
"981",438172,"USA016","PI 585393","Sorghum",0,50,4,36,200
"982",438174,"USA016","PI 585490","Sorghum",1,63,10,34,152
"983",438175,"USA016","PI 585589","Sorghum",0,85,8,24,260
"984",438177,"USA016","PI 585610","Sorghum",0,65,0,20,230
"985",438178,"USA016","PI 585640","Sorghum",1,53,18,34,190
"986",438179,"USA016","PI 585649","Sorghum",0,56,24,45,210
"987",438180,"USA016","PI 585650","Sorghum",2,46,24,33,150
"988",438182,"USA016","PI 585806","Sorghum",0,51,21,42,204
"989",438183,"USA016","PI 585808","Sorghum",0,53,26,36,190
"990",438185,"USA016","PI 585905","Sorghum",0,64,5,40,275
"991",438186,"USA016","PI 585908","Sorghum",1,62,4,38,280
"992",438187,"USA016","PI 585936","Sorghum",1,79,22,44,354
"993",438188,"USA016","PI 585994","Sorghum",1,64,20,30,280
"994",438189,"USA016","PI 586128","Sorghum",1,43,19,31,150
"995",438190,"USA016","PI 586166","Sorghum",2,52,34,38,216
"996",438191,"USA016","PI 586168","Sorghum",2,59,34,25,186
"997",438192,"USA016","PI 586212","Sorghum",1,47,25,34,201
"998",438193,"USA016","PI 586224","Sorghum",2,55,26,40,154
"999",438194,"USA016","PI 586242","Sorghum",1,55,29,25,206
"1000",438195,"USA016","PI 586243","Sorghum",0,47,28,32,170
"1001",438196,"USA016","PI 586268","Sorghum",0,49,32,44,200
"1002",438197,"USA016","PI 586276","Sorghum",0,47,40,42,220
"1003",438198,"USA016","PI 586281","Sorghum",0,56,27,43,255
"1004",438199,"USA016","PI 586284","Sorghum",1,47,36,38,204
"1005",438200,"USA016","PI 586288","Sorghum",0,56,12,38,270
"1006",438201,"USA016","PI 586319","Sorghum",1,56,10,30,220
"1007",438202,"USA016","PI 586320","Sorghum",1,62,16,40,254
"1008",438203,"USA016","PI 586321","Sorghum",1,56,30,40,250
"1009",438204,"USA016","PI 586329","Sorghum",0,62,18,23,175
"1010",438205,"USA016","PI 586349","Sorghum",1,56,33,42,277
"1011",438207,"USA016","PI 586408","Sorghum",5,69,14,36,210
"1012",438208,"USA016","PI 586418","Sorghum",4,62,10,45,215
"1013",438210,"USA016","PI 586446","Sorghum",0,52,10,22,130
"1014",438211,"USA016","PI 586462","Sorghum",0,45,15,13,160
"1015",438212,"USA016","PI 586479","Sorghum",0,59,0,21,140
"1016",439431,"USA016","PI 454120","Sorghum",0,95,2,12,152
"1017",439452,"USA016","PI 454816","Sorghum",0,73,7,15,106
"1018",453970,"USA016","PI 585333","Sorghum",0,50,13,26,103
"1019",453971,"USA016","PI 585340","Sorghum",0,49,0,19,73
"1020",453972,"USA016","PI 585378","Sorghum",0,60,0,23,143
"1021",453973,"USA016","PI 585386","Sorghum",0,60,12,53,165
"1022",453974,"USA016","PI 585425","Sorghum",2,72,0,35,220
"1023",453975,"USA016","PI 585436","Sorghum",1,67,7,33,240
"1024",453977,"USA016","PI 585456","Sorghum",1,58,7,31,190
"1025",453978,"USA016","PI 585531","Sorghum",0,70,21,43,246
"1026",453980,"USA016","PI 585597","Sorghum",0,61,0,37,270
"1027",453981,"USA016","PI 585599","Sorghum",0,63,0,31,254
"1028",453982,"USA016","PI 585656","Sorghum",1,73,20,31,173
"1029",453984,"USA016","PI 585770","Sorghum",1,56,20,48,220
"1030",453985,"USA016","PI 585817","Sorghum",1,58,29,37,225
"1031",453986,"USA016","PI 585825","Sorghum",0,53,20,35,225
"1032",453987,"USA016","PI 585884","Sorghum",0,58,20,18,220
"1033",453989,"USA016","PI 585918","Sorghum",1,55,13,33,144
"1034",453991,"USA016","PI 585978","Sorghum",1,69,24,46,180
"1035",453993,"USA016","PI 586025","Sorghum",0,66,18,23,242
"1036",453994,"USA016","PI 586049","Sorghum",0,55,20,33,210
"1037",453995,"USA016","PI 586068","Sorghum",0,57,10,24,140
"1038",453996,"USA016","PI 586108","Sorghum",1,55,30,32,170
"1039",453997,"USA016","PI 586117","Sorghum",2,62,30,43,196
"1040",453998,"USA016","PI 586134","Sorghum",1,51,31,41,215
"1041",454000,"USA016","PI 586193","Sorghum",1,57,7,35,252
"1042",454001,"USA016","PI 586202","Sorghum",1,55,6,26,198
"1043",454002,"USA016","PI 586233","Sorghum",0,47,5,32,195
"1044",454003,"USA016","PI 586312","Sorghum",2,47,19,44,217
"1045",454004,"USA016","PI 586328","Sorghum",0,59,19,50,276
"1046",454005,"USA016","PI 586342","Sorghum",1,62,89,37,219
"1047",454006,"USA016","PI 586348","Sorghum",1,47,18,31,194
"1048",454007,"USA016","PI 586362","Sorghum",1,49,17,17,166
"1049",454009,"USA016","PI 586460","Sorghum",0,45,17,25,58
"1050",454010,"USA016","PI 586497","Sorghum",0,50,10,23,112
"1051",469711,"USA016","PI 585303","Sorghum",3,42,19,22,171
"1052",469712,"USA016","PI 585319","Sorghum",1,39,17,22,97
"1053",469713,"USA016","PI 585325","Sorghum",2,44,16,17,162
"1054",469714,"USA016","PI 585362","Sorghum",0,60,0,30,84
"1055",469717,"USA016","PI 585497","Sorghum",2,60,23,42,233
"1056",469718,"USA016","PI 585499","Sorghum",0,70,15,33,180
"1057",469719,"USA016","PI 585545","Sorghum",0,70,10,37,240
"1058",469720,"USA016","PI 585555","Sorghum",0,85,10,33,292
"1059",469721,"USA016","PI 585590","Sorghum",0,65,0,32,260
"1060",469722,"USA016","PI 585625","Sorghum",1,56,17,12,163
"1061",469724,"USA016","PI 585686","Sorghum",1,42,22,48,160
"1062",469727,"USA016","PI 585822","Sorghum",1,56,34,33,173
"1063",469728,"USA016","PI 585826","Sorghum",1,56,31,39,240
"1064",469729,"USA016","PI 585847","Sorghum",0,58,12,21,187
"1065",469730,"USA016","PI 585857","Sorghum",1,53,22,25,148
"1066",469731,"USA016","PI 585861","Sorghum",1,58,33,30,177
"1067",469732,"USA016","PI 585872","Sorghum",0,58,19,38,186
"1068",469739,"USA016","PI 586050","Sorghum",0,55,25,38,185
"1069",469741,"USA016","PI 586100","Sorghum",0,55,0,34,190
"1070",469743,"USA016","PI 586113","Sorghum",2,43,23,25,122
"1071",469744,"USA016","PI 586122","Sorghum",2,59,29,35,236
"1072",469745,"USA016","PI 586158","Sorghum",0,45,27,23,170
"1073",469746,"USA016","PI 586161","Sorghum",0,45,33,28,174
"1074",469747,"USA016","PI 586189","Sorghum",2,41,18,27,155
"1075",469748,"USA016","PI 586244","Sorghum",0,51,27,23,160
"1076",469749,"USA016","PI 586337","Sorghum",1,47,32,38,190
"1077",469750,"USA016","PI 586363","Sorghum",2,49,26,30,240
"1078",469751,"USA016","PI 586393","Sorghum",1,56,8,13,149
"1079",469752,"USA016","PI 586422","Sorghum",6,69,14,43,203
"1080",469753,"USA016","PI 586437","Sorghum",0,59,0,28,172
"1081",469754,"USA016","PI 586445","Sorghum",0,50,14,24,112
"1082",469755,"USA016","PI 586451","Sorghum",0,50,18,24,120
"1083",485824,"USA016","PI 585355","Sorghum",0,53,0,29,76
"1084",485825,"USA016","PI 585381","Sorghum",1,53,12,33,220
"1085",485826,"USA016","PI 585382","Sorghum",2,53,12,25,188
"1086",485827,"USA016","PI 585387","Sorghum",0,53,0,18,230
"1087",485828,"USA016","PI 585389","Sorghum",0,60,4,43,170
"1088",485829,"USA016","PI 585398","Sorghum",2,72,16,39,165
"1089",485830,"USA016","PI 585450","Sorghum",0,85,22,38,350
"1090",485831,"USA016","PI 585467","Sorghum",0,72,20,38,370
"1091",485832,"USA016","PI 585468","Sorghum",0,72,12,33,280
"1092",485833,"USA016","PI 585471","Sorghum",2,70,12,29,294
"1093",485834,"USA016","PI 585517","Sorghum",1,77,20,30,300
"1094",485837,"USA016","PI 585676","Sorghum",0,61,15,31,180
"1095",485838,"USA016","PI 585778","Sorghum",0,73,15,35,165
"1096",485839,"USA016","PI 585852","Sorghum",2,58,17,25,170
"1097",485840,"USA016","PI 585858","Sorghum",0,51,27,21,157
"1098",485841,"USA016","PI 585898","Sorghum",0,58,5,27,180
"1099",485842,"USA016","PI 585903","Sorghum",2,62,36,39,200
"1100",485843,"USA016","PI 585911","Sorghum",1,47,12,58,190
"1101",485844,"USA016","PI 585967","Sorghum",0,77,4,41,370
"1102",485846,"USA016","PI 585977","Sorghum",2,69,20,38,230
"1103",485848,"USA016","PI 586066","Sorghum",1,55,33,23,154
"1104",485850,"USA016","PI 586096","Sorghum",0,49,7,29,100
"1105",485851,"USA016","PI 586103","Sorghum",0,66,5,38,195
"1106",485852,"USA016","PI 586167","Sorghum",0,52,15,28,177
"1107",485854,"USA016","PI 586210","Sorghum",1,43,25,29,145
"1108",485855,"USA016","PI 586232","Sorghum",0,55,6,26,168
"1109",485857,"USA016","PI 586315","Sorghum",1,59,14,33,250
"1110",485858,"USA016","PI 586367","Sorghum",1,59,11,29,250
"1111",485859,"USA016","PI 586375","Sorghum",0,64,10,34,296
"1112",485860,"USA016","PI 586387","Sorghum",0,49,17,13,170
"1113",485861,"USA016","PI 586420","Sorghum",6,69,15,30,195
"1114",485862,"USA016","PI 586431","Sorghum",0,50,15,20,171
"1115",485863,"USA016","PI 586491","Sorghum",0,62,0,39,196
"1116",501787,"USA016","PI 585312","Sorghum",0,53,31,28,214
"1117",501789,"USA016","PI 585429","Sorghum",0,65,12,34,300
"1118",501790,"USA016","PI 585441","Sorghum",0,85,5,40,330
"1119",501792,"USA016","PI 585446","Sorghum",0,77,6,25,252
"1120",501793,"USA016","PI 585459","Sorghum",1,70,19,43,316
"1121",501794,"USA016","PI 585461","Sorghum",0,58,30,38,312
"1122",501795,"USA016","PI 585518","Sorghum",0,70,15,35,280
"1123",501796,"USA016","PI 585529","Sorghum",0,85,101,39,219
"1124",501797,"USA016","PI 585542","Sorghum",0,77,14,50,296
"1125",501798,"USA016","PI 585554","Sorghum",0,87,15,40,315
"1126",501799,"USA016","PI 585606","Sorghum",0,67,0,27,255
"1127",501800,"USA016","PI 585638","Sorghum",0,51,28,14,166
"1128",501801,"USA016","PI 585700","Sorghum",0,61,27,23,170
"1129",501803,"USA016","PI 585775","Sorghum",1,63,17,35,183
"1130",501806,"USA016","PI 585948","Sorghum",1,79,17,41,300
"1131",501808,"USA016","PI 585986","Sorghum",1,59,12,38,300
"1132",501809,"USA016","PI 586048","Sorghum",0,51,14,34,240
"1133",501810,"USA016","PI 586054","Sorghum",0,77,20,35,210
"1134",501811,"USA016","PI 586075","Sorghum",2,45,0,34,60
"1135",501812,"USA016","PI 586077","Sorghum",0,55,0,27,113
"1136",501814,"USA016","PI 586178","Sorghum",0,55,24,33,126
"1137",501815,"USA016","PI 586200","Sorghum",1,43,24,32,190
"1138",501816,"USA016","PI 586205","Sorghum",1,57,14,47,274
"1139",501817,"USA016","PI 586249","Sorghum",1,55,27,34,173
"1140",501820,"USA016","PI 586272","Sorghum",0,56,20,27,198
"1141",501821,"USA016","PI 586278","Sorghum",0,56,28,33,192
"1142",501823,"USA016","PI 586325","Sorghum",1,56,10,25,215
"1143",501824,"USA016","PI 586412","Sorghum",3,64,18,32,210
"1144",501825,"USA016","PI 586424","Sorghum",5,69,24,38,203
"1145",501826,"USA016","PI 586454","Sorghum",0,56,27,20,140
"1146",501827,"USA016","PI 586509","Sorghum",0,49,25,30,105
