"","acceNumb","X12hr_DryMtrDigest","Fat","Fiber","Mtblzble_Enrgy","NetEnGain","NetEnLact","NetEnMaint","Phosphorus","Protein","Starch","TotalNutrients","genesys_vcf_48.100..."
"1","PI 510904",0.274,4.41,4.49,164.92,64.95,89.29,95.37,0.37,11.55,71.06,85.28,"0|0"
"2","PI 510907",0.264,4.17,4.77,165.15,64.57,89.25,94.81,0.36,11.12,71.27,84.93,"0|0"
"3","PI 510917",0.291,3.08,4.97,164.94,64.23,89.24,94.23,0.45,13.04,70.18,84.57,"0|0"
"4","PI 510921",0.269,4.44,5.15,161.54,63.82,89.13,93.99,0.39,12.73,69.84,84.29,"0|0"
"5","PI 510922",0.264,4.62,4.95,162.47,64.25,89.2,94.41,0.39,11.75,70.45,84.65,"0|0"
"6","PI 510923",0.266,4.58,5.18,161.47,63.76,89.11,93.94,0.41,12.77,69.44,84.24,"0|0"
"7","PI 510924",0.271,4.78,4.92,162.43,64.2,89.17,94.48,0.39,12.11,70.1,84.64,"0|0"
"8","PI 510925",0.262,4.55,5.06,162.1,63.94,89.16,94.15,0.39,12.26,70.28,84.4,"0|0"
"9","PI 510931",0.263,4.33,4.52,164.65,64.93,89.31,95.27,0.4,12.09,70.8,85.25,"0|0"
"10","PI 510934",0.268,4.08,5.04,163.19,64.07,89.18,94.21,0.44,12.88,70.41,84.48,"0|0"
"11","PI 510946",0.269,4.16,4.51,163.94,64.81,89.28,95.24,0.38,12.31,70.78,85.18,"0|0"
"12","PI 510948",0.27,4.34,4.69,163.42,64.59,89.24,94.94,0.37,12.14,70.31,84.98,"0|0"
"13","PI 510950",0.267,4.26,5.07,162.56,63.99,89.18,94.1,0.4,12.08,70.58,84.41,"0|0"
"14","PI 510951",0.268,4.54,4.73,162.54,64.54,89.23,94.85,0.42,12.33,70.41,84.9,"0|0"
"15","PI 510972",0.258,4.36,4.57,163.41,64.83,89.29,95.14,0.38,11.53,71.2,85.16,"0|0"
"16","PI 510974",0.275,3.92,4.89,162.58,64.36,89.22,94.49,0.41,11.67,70.65,84.74,"0|0"
"17","PI 510977",0.276,4.44,5.31,160.59,63.49,89.08,93.61,0.41,12.23,70.15,84.01,"0|0"
"18","PI 510991",0.266,4.73,4.78,162.27,64.35,89.2,94.73,0.38,11.59,70.46,84.8,"0|0"
"19","PI 510993",0.259,4.36,4.55,163.77,64.84,89.3,95.18,0.41,12.06,70.8,85.17,"0|0"
"20","PI 510994",0.273,4.57,4.88,162.37,64.2,89.18,94.51,0.4,12.9,69.91,84.63,"0|0"
"21","PI 511002",0.268,4.63,4.9,162.75,64.13,89.18,94.37,0.42,13.01,69.47,84.56,"0|0"
"22","PI 511011",0.259,4.35,4.52,163.78,64.81,89.29,95.22,0.41,12.13,70.74,85.15,"0|0"
"23","PI 511015",0.256,4.13,5.27,162.14,63.5,89.1,93.66,0.43,13.34,69.2,84.03,"0|0"
"24","PI 511016",0.266,4.67,5.26,161.08,63.53,89.09,93.71,0.42,13.09,69.1,84.07,"0|0"
"25","PI 511018",0.268,4.93,5.74,160.85,62.66,88.97,92.64,0.46,13.87,68.25,83.27,"0|0"
"26","PI 560493",0.256,4.17,6.16,154.49,62.04,88.89,91.91,0.4,13.12,70.22,82.78,"0|0"
"27","PI 562777",0.25,3.22,6.12,155.48,62.31,88.96,92,0.5,14.55,69.41,82.92,"1|1"
"28","PI 563068",0.273,3.28,5.96,156.37,62.61,88.97,92.35,0.44,14.14,71.64,83.18,"0|0"
"29","PI 563392",0.235,4.16,5.7,156.68,62.74,89.03,92.84,0.47,14.43,68.61,83.43,"0|0"
"30","PI 563398",0.259,3.39,5.23,158.92,63.69,89.13,93.81,0.4,12.17,71.49,84.17,"0|0"
"31","PI 563409",0.277,3.31,5.26,160.59,63.75,89.13,93.8,0.4,11.74,71.77,84.22,"1|1"
"32","PI 563430",0.252,3.36,5.81,157.94,62.61,89,92.6,0.42,14.06,69.29,83.28,"0|0"
"33","PI 563447",0.261,3.34,5.92,156.69,62.54,88.98,92.41,0.41,12.83,71.3,83.17,"0|0"
"34","PI 563448",0.249,2.82,5.42,158.6,63.35,89.11,93.46,0.39,12.86,70.86,83.9,"1|1"
"35","PI 563449",0.261,2.88,6.33,155.21,61.93,88.89,91.62,0.41,13.22,70.37,82.62,"1|1"
"36","PI 563450",0.256,3.28,5.82,157.63,62.77,89.01,92.65,0.35,12.12,71.12,83.35,"0|0"
"37","PI 563451",0.274,3.03,6.13,155.79,62.27,88.95,91.97,0.38,11.91,71.52,82.9,"1|1"
"38","PI 563452",0.272,3.2,5.85,157.13,62.75,89,92.53,0.42,11.6,71.83,83.3,"1|1"
"39","PI 563453",0.257,2.79,6.21,155.94,62.07,88.9,91.83,0.4,13.04,71.08,82.75,"1|1"
"40","PI 563454",0.262,3.12,6.32,155.49,61.93,88.87,91.64,0.42,14.25,69.54,82.62,"1|1"
"41","PI 563455",0.263,3.36,6.89,154.28,60.94,88.75,90.41,0.43,13.73,69.8,81.77,"1|1"
"42","PI 563485",0.256,3.65,5.53,158.69,63.16,89.04,93.24,0.35,11.34,72,83.75,"1|1"
"43","PI 565120",0.253,4.06,5.98,156.78,62.4,88.94,92.23,0.42,11.96,70.93,83.06,"0|0"
"44","PI 569812",0.251,2.98,5.86,155.92,62.47,88.99,92.46,0.38,12.82,71.87,83.17,"1|1"
"45","PI 585368",0.259,3.48,5.39,158.33,63.41,89.1,93.44,0.44,14.43,69.68,83.92,"0|0"
"46","PI 585369",0.258,3.13,4.82,161.06,64.59,89.27,94.75,0.39,12.61,71.13,84.93,"0|0"
"47","PI 585373",0.25,3.15,6.29,154.87,61.95,88.91,91.63,0.47,14.8,69.19,82.61,"0|0"
"48","PI 585379",0.226,3.28,4.87,160.5,64.31,89.25,94.54,0.38,12.4,70.75,84.75,"1|1"
